{"cameraMode":{"drawMode":0,"name":"Shaded","section":"Shading Mode"},"sceneLighting":true,"audioPlay":false,"sceneViewState":{"showFog":true,"showMaterialUpdate":false,"showSkybox":true,"showFlares":true,"showImageEffects":true,"showParticleSystems":true},"in2DMode":false,"pivot":{"x":-3.418095588684082,"y":-5.933305740356445,"z":-15.358494758605957},"rotation":{"x":-0.061475276947021487,"y":0.9329155683517456,"z":-0.29813095927238467,"w":-0.19240328669548036},"size":10.829985618591309,"orthographic":false}